Year,Trade Flow,Reporter Code,Reporter,exportLat,exportLong,Reporter ISO,Partner Code,Partner,importLat,importLong,Partner ISO,Commodity,Qty Unit,Qty,Netweight (kg),Trade Value (US$)
2020,Export,842,USA,37.09024,-95.712891,USA,124,Canada,56.130366,-106.346771,CAN,"Waste, parings and scrap, of plastics",Weight in kilograms,159754229,159754229,59828085
2020,Import,842,USA,37.09024,-95.712891,USA,124,Canada,56.130366,-106.346771,CAN,"Waste, parings and scrap, of plastics",Weight in kilograms,136040440,136040440,49201898
2020,Import,842,USA,37.09024,-95.712891,USA,484,Mexico,23.634501,-102.552784,MEX,"Waste, parings and scrap, of plastics",Weight in kilograms,125377430,125377430,75168593
2020,Export,842,USA,37.09024,-95.712891,USA,458,Malaysia,4.210484,101.975766,MYS,"Waste, parings and scrap, of plastics",Weight in kilograms,119174290,119174290,27891534
2020,Export,842,USA,37.09024,-95.712891,USA,484,Mexico,23.634501,-102.552784,MEX,"Waste, parings and scrap, of plastics",Weight in kilograms,63148984,63148984,23708952
2020,Export,842,USA,37.09024,-95.712891,USA,704,Viet Nam,14.058324,108.277199,VNM,"Waste, parings and scrap, of plastics",Weight in kilograms,52658691,52658691,13913687
2020,Export,842,USA,37.09024,-95.712891,USA,360,Indonesia,-0.789275,113.921327,IDN,"Waste, parings and scrap, of plastics",Weight in kilograms,21563939,21563939,5754675
2020,Export,842,USA,37.09024,-95.712891,USA,699,India,20.593684,78.96288,IND,"Waste, parings and scrap, of plastics",Weight in kilograms,20124547,20124547,7638671
2020,Export,842,USA,37.09024,-95.712891,USA,792,Turkey,38.963745,35.243322,TUR,"Waste, parings and scrap, of plastics",Weight in kilograms,17841699,17841699,4692752
2020,Export,842,USA,37.09024,-95.712891,USA,764,Thailand,15.870032,100.992541,THA,"Waste, parings and scrap, of plastics",Weight in kilograms,17299134,17299134,4730964
2020,Import,842,USA,37.09024,-95.712891,USA,276,Germany,51.165691,10.451526,DEU,"Waste, parings and scrap, of plastics",Weight in kilograms,16143022,16143022,8862160
2020,Import,842,USA,37.09024,-95.712891,USA,392,Japan,36.204824,138.252924,JPN,"Waste, parings and scrap, of plastics",Weight in kilograms,14793578,14793578,9960029
2020,Export,842,USA,37.09024,-95.712891,USA,410,Rep. of Korea,38.9147495,-77.054683,KOR,"Waste, parings and scrap, of plastics",Weight in kilograms,13220019,13220019,5889748
2020,Import,842,USA,37.09024,-95.712891,USA,360,Indonesia,-0.789275,113.921327,IDN,"Waste, parings and scrap, of plastics",Weight in kilograms,13140644,13140644,10277567
2020,Import,842,USA,37.09024,-95.712891,USA,340,Honduras,15.199999,-86.241905,HND,"Waste, parings and scrap, of plastics",Weight in kilograms,10273915,10273915,9392526
2020,Import,842,USA,37.09024,-95.712891,USA,764,Thailand,15.870032,100.992541,THA,"Waste, parings and scrap, of plastics",Weight in kilograms,9755223,9755223,10640018
2020,Export,842,USA,37.09024,-95.712891,USA,276,Germany,51.165691,10.451526,DEU,"Waste, parings and scrap, of plastics",Weight in kilograms,9611368,9611368,3987981
2020,Export,842,USA,37.09024,-95.712891,USA,156,China,35.86166,104.195397,CHN,"Waste, parings and scrap, of plastics",Weight in kilograms,9122740,9122740,6308630
2020,Export,842,USA,37.09024,-95.712891,USA,50,Bangladesh,23.684994,90.356331,BGD,"Waste, parings and scrap, of plastics",Weight in kilograms,7794872,7794872,2424036
2020,Import,842,USA,37.09024,-95.712891,USA,156,China,35.86166,104.195397,CHN,"Waste, parings and scrap, of plastics",Weight in kilograms,7706828,7706828,4726075
2020,Export,842,USA,37.09024,-95.712891,USA,222,El Salvador,13.794185,-88.89653,SLV,"Waste, parings and scrap, of plastics",Weight in kilograms,7566941,7566941,5669624
2020,Export,842,USA,37.09024,-95.712891,USA,428,Latvia,56.879635,24.603189,LVA,"Waste, parings and scrap, of plastics",Weight in kilograms,7441302,7441302,1729248
2020,Import,842,USA,37.09024,-95.712891,USA,704,Viet Nam,14.058324,108.277199,VNM,"Waste, parings and scrap, of plastics",Weight in kilograms,6190277,6190277,4036727
2020,Export,842,USA,37.09024,-95.712891,USA,218,Ecuador,-1.831239,-78.183406,ECU,"Waste, parings and scrap, of plastics",Weight in kilograms,6133681,6133681,3426343
2020,Export,842,USA,37.09024,-95.712891,USA,586,Pakistan,30.375321,69.345116,PAK,"Waste, parings and scrap, of plastics",Weight in kilograms,4809005,4809005,2254918
2020,Import,842,USA,37.09024,-95.712891,USA,208,Denmark,56.26392,9.501785,DNK,"Waste, parings and scrap, of plastics",Weight in kilograms,4698906,4698906,2369346
2020,Import,842,USA,37.09024,-95.712891,USA,566,Nigeria,9.081999,8.675277,NGA,"Waste, parings and scrap, of plastics",Weight in kilograms,4546020,4546020,2476628
2020,Export,842,USA,37.09024,-95.712891,USA,724,Spain,40.463667,-3.74922,ESP,"Waste, parings and scrap, of plastics",Weight in kilograms,4372739,4372739,2612429
2020,Import,842,USA,37.09024,-95.712891,USA,218,Ecuador,-1.831239,-78.183406,ECU,"Waste, parings and scrap, of plastics",Weight in kilograms,4264922,4264922,3145855
2020,Import,842,USA,37.09024,-95.712891,USA,56,Belgium,50.503887,4.469936,BEL,"Waste, parings and scrap, of plastics",Weight in kilograms,4163707,4163707,2803477
2020,Import,842,USA,37.09024,-95.712891,USA,381,Italy,41.87194,12.56738,ITA,"Waste, parings and scrap, of plastics",Weight in kilograms,4060057,4060057,4149618
2020,Import,842,USA,37.09024,-95.712891,USA,231,Ethiopia,9.145,40.489673,ETH,"Waste, parings and scrap, of plastics",Weight in kilograms,3481770,3481770,1976904
2020,Export,842,USA,37.09024,-95.712891,USA,320,Guatemala,15.783471,-90.230759,GTM,"Waste, parings and scrap, of plastics",Weight in kilograms,2857686,2857686,1420466
2020,Import,842,USA,37.09024,-95.712891,USA,558,Nicaragua,12.865416,-85.207229,NIC,"Waste, parings and scrap, of plastics",Weight in kilograms,2763126,2763126,2165149
2020,Import,842,USA,37.09024,-95.712891,USA,608,Philippines,12.879721,121.774017,PHL,"Waste, parings and scrap, of plastics",Weight in kilograms,2733394,2733394,1556421
2020,Import,842,USA,37.09024,-95.712891,USA,528,Netherlands,52.132633,5.291266,NLD,"Waste, parings and scrap, of plastics",Weight in kilograms,2577069,2577069,1331106
2020,Import,842,USA,37.09024,-95.712891,USA,214,Dominican Rep.,18.735693,-70.162651,DOM,"Waste, parings and scrap, of plastics",Weight in kilograms,2567544,2567544,2281788
2020,Import,842,USA,37.09024,-95.712891,USA,616,Poland,51.919438,19.145136,POL,"Waste, parings and scrap, of plastics",Weight in kilograms,2318835,2318835,1303255
2020,Import,842,USA,37.09024,-95.712891,USA,724,Spain,40.463667,-3.74922,ESP,"Waste, parings and scrap, of plastics",Weight in kilograms,2310757,2310757,1558560
2020,Export,842,USA,37.09024,-95.712891,USA,826,United Kingdom,55.378051,-3.435973,GBR,"Waste, parings and scrap, of plastics",Weight in kilograms,2287357,2287357,1012519
2020,Import,842,USA,37.09024,-95.712891,USA,620,Portugal,39.399872,-8.224454,PRT,"Waste, parings and scrap, of plastics",Weight in kilograms,2260993,2260993,1440765
2020,Export,842,USA,37.09024,-95.712891,USA,340,Honduras,15.199999,-86.241905,HND,"Waste, parings and scrap, of plastics",Weight in kilograms,2250593,2250593,891817
2020,Import,842,USA,37.09024,-95.712891,USA,834,United Rep. of Tanzania,45.4256169,-75.6721635,TZA,"Waste, parings and scrap, of plastics",Weight in kilograms,2182520,2182520,1206527
2020,Export,842,USA,37.09024,-95.712891,USA,608,Philippines,12.879721,121.774017,PHL,"Waste, parings and scrap, of plastics",Weight in kilograms,1926510,1926510,624002
2020,Import,842,USA,37.09024,-95.712891,USA,36,Australia,-25.274398,133.775136,AUS,"Waste, parings and scrap, of plastics",Weight in kilograms,1904648,1904648,1385465
2020,Import,842,USA,37.09024,-95.712891,USA,410,Rep. of Korea,38.9147495,-77.054683,KOR,"Waste, parings and scrap, of plastics",Weight in kilograms,1893306,1893306,1381964
2020,Export,842,USA,37.09024,-95.712891,USA,566,Nigeria,9.081999,8.675277,NGA,"Waste, parings and scrap, of plastics",Weight in kilograms,1790310,1790310,394965
2020,Export,842,USA,37.09024,-95.712891,USA,288,Ghana,7.946527,-1.023194,GHA,"Waste, parings and scrap, of plastics",Weight in kilograms,1783700,1783700,590640
2020,Import,842,USA,37.09024,-95.712891,USA,203,Czechia,49.817492,15.472962,CZE,"Waste, parings and scrap, of plastics",Weight in kilograms,1778522,1778522,1407490
2020,Export,842,USA,37.09024,-95.712891,USA,76,Brazil,-14.235004,-51.92528,BRA,"Waste, parings and scrap, of plastics",Weight in kilograms,1701427,1701427,1034402
2020,Import,842,USA,37.09024,-95.712891,USA,320,Guatemala,15.783471,-90.230759,GTM,"Waste, parings and scrap, of plastics",Weight in kilograms,1670635,1670635,849336
2020,Import,842,USA,37.09024,-95.712891,USA,458,Malaysia,4.210484,101.975766,MYS,"Waste, parings and scrap, of plastics",Weight in kilograms,1616236,1616236,1076002
2020,Import,842,USA,37.09024,-95.712891,USA,826,United Kingdom,55.378051,-3.435973,GBR,"Waste, parings and scrap, of plastics",Weight in kilograms,1395662,1395662,720807
2020,Import,842,USA,37.09024,-95.712891,USA,152,Chile,-35.675147,-71.542969,CHL,"Waste, parings and scrap, of plastics",Weight in kilograms,1347880,1347880,674872
2020,Import,842,USA,37.09024,-95.712891,USA,251,France,46.227638,2.213749,FRA,"Waste, parings and scrap, of plastics",Weight in kilograms,1188108,1188108,577581
2020,Import,842,USA,37.09024,-95.712891,USA,800,Uganda,1.373333,32.290275,UGA,"Waste, parings and scrap, of plastics",Weight in kilograms,1186750,1186750,646518
2020,Export,842,USA,37.09024,-95.712891,USA,528,Netherlands,52.132633,5.291266,NLD,"Waste, parings and scrap, of plastics",Weight in kilograms,1162039,1162039,766611
2020,Import,842,USA,37.09024,-95.712891,USA,752,Sweden,60.128161,18.643501,SWE,"Waste, parings and scrap, of plastics",Weight in kilograms,1117940,1117940,492229
2020,Import,842,USA,37.09024,-95.712891,USA,40,Austria,47.516231,14.550072,AUT,"Waste, parings and scrap, of plastics",Weight in kilograms,1101354,1101354,451515
2020,Import,842,USA,37.09024,-95.712891,USA,50,Bangladesh,23.684994,90.356331,BGD,"Waste, parings and scrap, of plastics",Weight in kilograms,922648,922648,601459
2020,Export,842,USA,37.09024,-95.712891,USA,604,Peru,-9.189967,-75.015152,PER,"Waste, parings and scrap, of plastics",Weight in kilograms,826861,826861,280077
2020,Export,842,USA,37.09024,-95.712891,USA,686,Senegal,14.497401,-14.452362,SEN,"Waste, parings and scrap, of plastics",Weight in kilograms,787219,787219,298620
2020,Import,842,USA,37.09024,-95.712891,USA,372,Ireland,53.1423672,-7.6920536,IRL,"Waste, parings and scrap, of plastics",Weight in kilograms,751996,751996,311082
2020,Export,842,USA,37.09024,-95.712891,USA,170,Colombia,4.570868,-74.297333,COL,"Waste, parings and scrap, of plastics",Weight in kilograms,739159,739159,349510
2020,Export,842,USA,37.09024,-95.712891,USA,214,Dominican Rep.,18.735693,-70.162651,DOM,"Waste, parings and scrap, of plastics",Weight in kilograms,706536,706536,1674908
2020,Export,842,USA,37.09024,-95.712891,USA,381,Italy,41.87194,12.56738,ITA,"Waste, parings and scrap, of plastics",Weight in kilograms,670121,670121,615480
2020,Export,842,USA,37.09024,-95.712891,USA,188,Costa Rica,9.748917,-83.753428,CRI,"Waste, parings and scrap, of plastics",Weight in kilograms,667470,667470,443194
2020,Export,842,USA,37.09024,-95.712891,USA,56,Belgium,50.503887,4.469936,BEL,"Waste, parings and scrap, of plastics",Weight in kilograms,667313,667313,3198944
2020,Import,842,USA,37.09024,-95.712891,USA,512,Oman,21.4735329,55.975413,OMN,"Waste, parings and scrap, of plastics",Weight in kilograms,652606,652606,585300
2020,Import,842,USA,37.09024,-95.712891,USA,792,Turkey,38.963745,35.243322,TUR,"Waste, parings and scrap, of plastics",Weight in kilograms,648191,648191,338756
2020,Import,842,USA,37.09024,-95.712891,USA,604,Peru,-9.189967,-75.015152,PER,"Waste, parings and scrap, of plastics",Weight in kilograms,629857,629857,536061
2020,Export,842,USA,37.09024,-95.712891,USA,104,Myanmar,21.916221,95.955974,MMR,"Waste, parings and scrap, of plastics",Weight in kilograms,610370,610370,179669
2020,Import,842,USA,37.09024,-95.712891,USA,388,Jamaica,18.109581,-77.297508,JAM,"Waste, parings and scrap, of plastics",Weight in kilograms,540495,540495,352993
2020,Export,842,USA,37.09024,-95.712891,USA,504,Morocco,31.791702,-7.09262,MAR,"Waste, parings and scrap, of plastics",Weight in kilograms,524646,524646,171809
2020,Import,842,USA,37.09024,-95.712891,USA,862,Venezuela,6.42375,-66.58973,VEN,"Waste, parings and scrap, of plastics",Weight in kilograms,514792,514792,404345
2020,Import,842,USA,37.09024,-95.712891,USA,508,Mozambique,-18.665695,35.529562,MOZ,"Waste, parings and scrap, of plastics",Weight in kilograms,499620,499620,260088
2020,Import,842,USA,37.09024,-95.712891,USA,422,Lebanon,33.854721,35.862285,LBN,"Waste, parings and scrap, of plastics",Weight in kilograms,494406,494406,286786
2020,Import,842,USA,37.09024,-95.712891,USA,116,Cambodia,12.565679,104.990963,KHM,"Waste, parings and scrap, of plastics",Weight in kilograms,490825,490825,284907
2020,Export,842,USA,37.09024,-95.712891,USA,600,Paraguay,-23.442503,-58.443832,PRY,"Waste, parings and scrap, of plastics",Weight in kilograms,426038,426038,98137
2020,Export,842,USA,37.09024,-95.712891,USA,512,Oman,21.4735329,55.975413,OMN,"Waste, parings and scrap, of plastics",Weight in kilograms,425508,425508,95915
2020,Import,842,USA,37.09024,-95.712891,USA,344,"China, Hong Kong SAR",22.3193039,114.1693611,HKG,"Waste, parings and scrap, of plastics",Weight in kilograms,420907,420907,174614
2020,Import,842,USA,37.09024,-95.712891,USA,710,South Africa,-30.559482,22.937506,ZAF,"Waste, parings and scrap, of plastics",Weight in kilograms,420745,420745,219315
2020,Import,842,USA,37.09024,-95.712891,USA,76,Brazil,-14.235004,-51.92528,BRA,"Waste, parings and scrap, of plastics",Weight in kilograms,404852,404852,606492
2020,Import,842,USA,37.09024,-95.712891,USA,332,Haiti,18.971187,-72.285215,HTI,"Waste, parings and scrap, of plastics",Weight in kilograms,353137,353137,223655
2020,Export,842,USA,37.09024,-95.712891,USA,300,Greece,39.074208,21.824312,GRC,"Waste, parings and scrap, of plastics",Weight in kilograms,348012,348012,271143
2020,Import,842,USA,37.09024,-95.712891,USA,440,Lithuania,55.169438,23.881275,LTU,"Waste, parings and scrap, of plastics",Weight in kilograms,342105,342105,141066
2020,Import,842,USA,37.09024,-95.712891,USA,591,Panama,8.537981,-80.782127,PAN,"Waste, parings and scrap, of plastics",Weight in kilograms,331850,331850,191043
2020,Import,842,USA,37.09024,-95.712891,USA,699,India,20.593684,78.96288,IND,"Waste, parings and scrap, of plastics",Weight in kilograms,329634,329634,509609
2020,Export,842,USA,37.09024,-95.712891,USA,418,Lao People's Dem. Rep.,19.85627,102.495496,LAO,"Waste, parings and scrap, of plastics",Weight in kilograms,328606,328606,95000
2020,Export,842,USA,37.09024,-95.712891,USA,702,Singapore,1.352083,103.819836,SGP,"Waste, parings and scrap, of plastics",Weight in kilograms,324749,324749,600308
2020,Import,842,USA,37.09024,-95.712891,USA,554,New Zealand,-40.900557,174.885971,NZL,"Waste, parings and scrap, of plastics",Weight in kilograms,321965,321965,283019
2020,Import,842,USA,37.09024,-95.712891,USA,222,El Salvador,13.794185,-88.89653,SLV,"Waste, parings and scrap, of plastics",Weight in kilograms,278073,278073,184480
2020,Export,842,USA,37.09024,-95.712891,USA,152,Chile,-35.675147,-71.542969,CHL,"Waste, parings and scrap, of plastics",Weight in kilograms,276161,276161,203411
2020,Export,842,USA,37.09024,-95.712891,USA,208,Denmark,56.26392,9.501785,DNK,"Waste, parings and scrap, of plastics",Weight in kilograms,256031,256031,315070
2020,Export,842,USA,37.09024,-95.712891,USA,376,Israel,31.046051,34.851612,ISR,"Waste, parings and scrap, of plastics",Weight in kilograms,252453,252453,233901
2020,Import,842,USA,37.09024,-95.712891,USA,682,Saudi Arabia,23.885942,45.079162,SAU,"Waste, parings and scrap, of plastics",Weight in kilograms,250077,250077,352100
2020,Import,842,USA,37.09024,-95.712891,USA,780,Trinidad and Tobago,10.691803,-61.222503,TTO,"Waste, parings and scrap, of plastics",Weight in kilograms,245705,245705,137121
2020,Export,842,USA,37.09024,-95.712891,USA,508,Mozambique,-18.665695,35.529562,MOZ,"Waste, parings and scrap, of plastics",Weight in kilograms,219771,219771,72279
2020,Export,842,USA,37.09024,-95.712891,USA,440,Lithuania,55.169438,23.881275,LTU,"Waste, parings and scrap, of plastics",Weight in kilograms,217373,217373,58062
2020,Import,842,USA,37.09024,-95.712891,USA,642,Romania,45.943161,24.96676,ROU,"Waste, parings and scrap, of plastics",Weight in kilograms,214844,214844,71497
2020,Import,842,USA,37.09024,-95.712891,USA,170,Colombia,4.570868,-74.297333,COL,"Waste, parings and scrap, of plastics",Weight in kilograms,214707,214707,186041
2020,Import,842,USA,37.09024,-95.712891,USA,376,Israel,31.046051,34.851612,ISR,"Waste, parings and scrap, of plastics",Weight in kilograms,197347,197347,140023
2020,Import,842,USA,37.09024,-95.712891,USA,144,Sri Lanka,7.873054,80.771797,LKA,"Waste, parings and scrap, of plastics",Weight in kilograms,190501,190501,128686
2020,Import,842,USA,37.09024,-95.712891,USA,300,Greece,39.074208,21.824312,GRC,"Waste, parings and scrap, of plastics",Weight in kilograms,190408,190408,86163
2020,Export,842,USA,37.09024,-95.712891,USA,196,Cyprus,35.126413,33.429859,CYP,"Waste, parings and scrap, of plastics",Weight in kilograms,184944,184944,56250
2020,Import,842,USA,37.09024,-95.712891,USA,233,Estonia,58.595272,25.0136071,EST,"Waste, parings and scrap, of plastics",Weight in kilograms,173837,173837,73778
2020,Export,842,USA,37.09024,-95.712891,USA,392,Japan,36.204824,138.252924,JPN,"Waste, parings and scrap, of plastics",Weight in kilograms,172597,172597,1074476
2020,Export,842,USA,37.09024,-95.712891,USA,262,Djibouti,11.825138,42.590275,DJI,"Waste, parings and scrap, of plastics",Weight in kilograms,156630,156630,15663
2020,Export,842,USA,37.09024,-95.712891,USA,818,Egypt,26.820553,30.802498,EGY,"Waste, parings and scrap, of plastics",Weight in kilograms,150790,150790,67676
2020,Import,842,USA,37.09024,-95.712891,USA,188,Costa Rica,9.748917,-83.753428,CRI,"Waste, parings and scrap, of plastics",Weight in kilograms,142162,142162,91948
2020,Import,842,USA,37.09024,-95.712891,USA,104,Myanmar,21.916221,95.955974,MMR,"Waste, parings and scrap, of plastics",Weight in kilograms,141000,141000,63831
2020,Export,842,USA,37.09024,-95.712891,USA,558,Nicaragua,12.865416,-85.207229,NIC,"Waste, parings and scrap, of plastics",Weight in kilograms,139355,139355,68482
2020,Import,842,USA,37.09024,-95.712891,USA,804,Ukraine,48.379433,31.1655799,UKR,"Waste, parings and scrap, of plastics",Weight in kilograms,139012,139012,70267
2020,Export,842,USA,37.09024,-95.712891,USA,705,Slovenia,46.151241,14.995463,SVN,"Waste, parings and scrap, of plastics",Weight in kilograms,112537,112537,78000
2020,Import,842,USA,37.09024,-95.712891,USA,404,Kenya,-0.023559,37.906193,KEN,"Waste, parings and scrap, of plastics",Weight in kilograms,99100,99100,59068
2020,Export,842,USA,37.09024,-95.712891,USA,620,Portugal,39.399872,-8.224454,PRT,"Waste, parings and scrap, of plastics",Weight in kilograms,94355,94355,29867
2020,Export,842,USA,37.09024,-95.712891,USA,231,Ethiopia,9.145,40.489673,ETH,"Waste, parings and scrap, of plastics",Weight in kilograms,89954,89954,31769
2020,Export,842,USA,37.09024,-95.712891,USA,682,Saudi Arabia,23.885942,45.079162,SAU,"Waste, parings and scrap, of plastics",Weight in kilograms,85739,85739,21542
2020,Import,842,USA,37.09024,-95.712891,USA,288,Ghana,7.946527,-1.023194,GHA,"Waste, parings and scrap, of plastics",Weight in kilograms,78218,78218,34804
2020,Export,842,USA,37.09024,-95.712891,USA,862,Venezuela,6.42375,-66.58973,VEN,"Waste, parings and scrap, of plastics",Weight in kilograms,74349,74349,51144
2020,Export,842,USA,37.09024,-95.712891,USA,180,Dem. Rep. of the Congo,-4.038333,21.758664,COD,"Waste, parings and scrap, of plastics",Weight in kilograms,73270,73270,35160
2020,Export,842,USA,37.09024,-95.712891,USA,784,United Arab Emirates,23.424076,53.847818,ARE,"Waste, parings and scrap, of plastics",Weight in kilograms,69816,69816,60162
2020,Import,842,USA,37.09024,-95.712891,USA,784,United Arab Emirates,23.424076,53.847818,ARE,"Waste, parings and scrap, of plastics",Weight in kilograms,67140,67140,36659
2020,Import,842,USA,37.09024,-95.712891,USA,246,Finland,61.92411,25.7481511,FIN,"Waste, parings and scrap, of plastics",Weight in kilograms,66148,66148,63517
2020,Export,842,USA,37.09024,-95.712891,USA,203,Czechia,49.817492,15.472962,CZE,"Waste, parings and scrap, of plastics",Weight in kilograms,64985,64985,773165
2020,Import,842,USA,37.09024,-95.712891,USA,757,Switzerland,46.818188,8.227512,CHE,"Waste, parings and scrap, of plastics",Weight in kilograms,61789,61789,48717
2020,Export,842,USA,37.09024,-95.712891,USA,136,Cayman Isds,19.3133,-81.2546,CYM,"Waste, parings and scrap, of plastics",Weight in kilograms,52513,52513,372608
2020,Import,842,USA,37.09024,-95.712891,USA,688,Serbia,44.016521,21.005859,SRB,"Waste, parings and scrap, of plastics",Weight in kilograms,51812,51812,157870
2020,Export,842,USA,37.09024,-95.712891,USA,757,Switzerland,46.818188,8.227512,CHE,"Waste, parings and scrap, of plastics",Weight in kilograms,45385,45385,60141
2020,Import,842,USA,37.09024,-95.712891,USA,136,Cayman Isds,19.3133,-81.2546,CYM,"Waste, parings and scrap, of plastics",Weight in kilograms,44211,44211,540
2020,Import,842,USA,37.09024,-95.712891,USA,84,Belize,17.189877,-88.49765,BLZ,"Waste, parings and scrap, of plastics",Weight in kilograms,43757,43757,16831
2020,Export,842,USA,37.09024,-95.712891,USA,388,Jamaica,18.109581,-77.297508,JAM,"Waste, parings and scrap, of plastics",Weight in kilograms,40566,40566,45585
2020,Import,842,USA,37.09024,-95.712891,USA,328,Guyana,4.860416,-58.93018,GUY,"Waste, parings and scrap, of plastics",Weight in kilograms,39669,39669,20508
2020,Import,842,USA,37.09024,-95.712891,USA,586,Pakistan,30.375321,69.345116,PAK,"Waste, parings and scrap, of plastics",Weight in kilograms,39040,39040,40296
2020,Import,842,USA,37.09024,-95.712891,USA,52,Barbados,13.193887,-59.543198,BRB,"Waste, parings and scrap, of plastics",Weight in kilograms,36078,36078,10415
2020,Export,842,USA,37.09024,-95.712891,USA,24,Angola,-11.202692,17.873887,AGO,"Waste, parings and scrap, of plastics",Weight in kilograms,35626,35626,7500
2020,Import,842,USA,37.09024,-95.712891,USA,703,Slovakia,48.669026,19.699024,SVK,"Waste, parings and scrap, of plastics",Weight in kilograms,28318,28318,13045
2020,Export,842,USA,37.09024,-95.712891,USA,643,Russian Federation,61.52401,105.318756,RUS,"Waste, parings and scrap, of plastics",Weight in kilograms,28090,28090,10000
2020,Export,842,USA,37.09024,-95.712891,USA,32,Argentina,-38.416097,-63.616672,ARG,"Waste, parings and scrap, of plastics",Weight in kilograms,27855,27855,25070
2020,Export,842,USA,37.09024,-95.712891,USA,268,Georgia,32.1656221,-82.9000751,GEO,"Waste, parings and scrap, of plastics",Weight in kilograms,23736,23736,13584
2020,Export,842,USA,37.09024,-95.712891,USA,372,Ireland,53.1423672,-7.6920536,IRL,"Waste, parings and scrap, of plastics",Weight in kilograms,23550,23550,457969
2020,Import,842,USA,37.09024,-95.712891,USA,68,Bolivia (Plurinational State of),-16.290154,-63.588653,BOL,"Waste, parings and scrap, of plastics",Weight in kilograms,21330,21330,15255
2020,Export,842,USA,37.09024,-95.712891,USA,233,Estonia,58.595272,25.0136071,EST,"Waste, parings and scrap, of plastics",Weight in kilograms,20473,20473,5282
2020,Export,842,USA,37.09024,-95.712891,USA,68,Bolivia (Plurinational State of),-16.290154,-63.588653,BOL,"Waste, parings and scrap, of plastics",Weight in kilograms,20000,20000,17235
2020,Export,842,USA,37.09024,-95.712891,USA,226,Equatorial Guinea,1.650801,10.267895,GNQ,"Waste, parings and scrap, of plastics",Weight in kilograms,19051,19051,6000
2020,Export,842,USA,37.09024,-95.712891,USA,60,Bermuda,32.3078,-64.7505,BMU,"Waste, parings and scrap, of plastics",Weight in kilograms,18814,18814,103411
2020,Import,842,USA,37.09024,-95.712891,USA,504,Morocco,31.791702,-7.09262,MAR,"Waste, parings and scrap, of plastics",Weight in kilograms,18240,18240,19102
2020,Import,842,USA,37.09024,-95.712891,USA,44,Bahamas,25.03428,-77.39628,BHS,"Waste, parings and scrap, of plastics",Weight in kilograms,17261,17261,3913
2020,Import,842,USA,37.09024,-95.712891,USA,579,Norway,60.472024,8.468946,NOR,"Waste, parings and scrap, of plastics",Weight in kilograms,16440,16440,8132
2020,Export,842,USA,37.09024,-95.712891,USA,887,Yemen,15.552727,48.516388,YEM,"Waste, parings and scrap, of plastics",Weight in kilograms,14000,14000,9830
2020,Export,842,USA,37.09024,-95.712891,USA,752,Sweden,60.128161,18.643501,SWE,"Waste, parings and scrap, of plastics",Weight in kilograms,12058,12058,149163
2020,Export,842,USA,37.09024,-95.712891,USA,662,Saint Lucia,13.909444,-60.978893,LCA,"Waste, parings and scrap, of plastics",Weight in kilograms,10739,10739,16292
2020,Export,842,USA,37.09024,-95.712891,USA,591,Panama,8.537981,-80.782127,PAN,"Waste, parings and scrap, of plastics",Weight in kilograms,10192,10192,4494
2020,Export,842,USA,37.09024,-95.712891,USA,800,Uganda,1.373333,32.290275,UGA,"Waste, parings and scrap, of plastics",Weight in kilograms,9798,9798,60213
2020,Import,842,USA,37.09024,-95.712891,USA,643,Russian Federation,61.52401,105.318756,RUS,"Waste, parings and scrap, of plastics",Weight in kilograms,8750,8750,12125
2020,Export,842,USA,37.09024,-95.712891,USA,670,Saint Vincent and the Grenadines,12.984305,-61.287228,VCT,"Waste, parings and scrap, of plastics",Weight in kilograms,7775,7775,22962
2020,Export,842,USA,37.09024,-95.712891,USA,40,Austria,47.516231,14.550072,AUT,"Waste, parings and scrap, of plastics",Weight in kilograms,4868,4868,221397
2020,Export,842,USA,37.09024,-95.712891,USA,554,New Zealand,-40.900557,174.885971,NZL,"Waste, parings and scrap, of plastics",Weight in kilograms,4615,4615,14149
2020,Export,842,USA,37.09024,-95.712891,USA,348,Hungary,47.162494,19.5033041,HUN,"Waste, parings and scrap, of plastics",Weight in kilograms,3881,3881,7779
2020,Export,842,USA,37.09024,-95.712891,USA,48,Bahrain,26.0667,50.5577,BHR,"Waste, parings and scrap, of plastics",Weight in kilograms,3469,3469,15596
2020,Export,842,USA,37.09024,-95.712891,USA,796,Turks and Caicos Islands,21.694025,-71.797928,TCA,"Waste, parings and scrap, of plastics",Weight in kilograms,3452,3452,46155
2020,Export,842,USA,37.09024,-95.712891,USA,44,Bahamas,25.03428,-77.39628,BHS,"Waste, parings and scrap, of plastics",Weight in kilograms,1361,1361,7552
2020,Export,842,USA,37.09024,-95.712891,USA,414,Kuwait,29.31166,47.481766,KWT,"Waste, parings and scrap, of plastics",Weight in kilograms,629,629,13705
2020,Export,842,USA,37.09024,-95.712891,USA,579,Norway,60.472024,8.468946,NOR,"Waste, parings and scrap, of plastics",Weight in kilograms,536,536,8607
2020,Export,842,USA,37.09024,-95.712891,USA,332,Haiti,18.971187,-72.285215,HTI,"Waste, parings and scrap, of plastics",Weight in kilograms,500,500,10364
2020,Import,842,USA,37.09024,-95.712891,USA,702,Singapore,1.352083,103.819836,SGP,"Waste, parings and scrap, of plastics",Weight in kilograms,492,492,389
2020,Export,842,USA,37.09024,-95.712891,USA,533,Aruba,12.52111,-69.968338,ABW,"Waste, parings and scrap, of plastics",Weight in kilograms,259,259,3289
2020,Import,842,USA,37.09024,-95.712891,USA,348,Hungary,47.162494,19.5033041,HUN,"Waste, parings and scrap, of plastics",Weight in kilograms,108,108,9716
2020,Export,842,USA,37.09024,-95.712891,USA,92,Br. Virgin Isds,18.420695,-64.639968,VGB,"Waste, parings and scrap, of plastics",Weight in kilograms,35,35,2895